Workbook

Sheet Data
A1: Year | B1: Industry | C1: State | D1: Establishments | E1: Employees | F1: Avg Annual Wage
A2: 2020 | B2: Natural Resources | C2: Alabama | D2: 1829 | E2: 18051 | F2: 58872
A3: 2020 | B3: Natural Resources | C3: Arizona | D3: 1354 | E3: 35607 | F3: 55216
A4: 2020 | B4: Natural Resources | C4: Arkansas | D4: 2565 | E4: 15961 | F4: 49909
A5: 2020 | B5: Natural Resources | C5: California | D5: 17651 | E5: 425665 | F5: 42534
A6: 2020 | B6: Natural Resources | C6: Colorado | D6: 3312 | E6: 41633 | F6: 91879
A7: 2020 | B7: Natural Resources | C7: Connecticut | D7: 467 | E7: 5260 | F7: 43142
A8: 2020 | B8: Natural Resources | C8: Delaware | D8: 186 | E8: 1317 | F8: 43290
A9: 2020 | B9: Natural Resources | C9: Florida | D9: 5394 | E9: 71107 | F9: 37717
A10: 2020 | B10: Natural Resources | C10: Georgia | D10: 2794 | E10: 29309 | F10: 45978
A11: 2020 | B11: Natural Resources | C11: Idaho | D11: 2531 | E11: 27020 | F11: 42820
A12: 2020 | B12: Natural Resources | C12: Illinois | D12: 2818 | E12: 24933 | F12: 52259
A13: 2020 | B13: Natural Resources | C13: Indiana | D13: 2302 | E13: 20872 | F13: 50732
... A1919: 2017 | B1919: Other Services | C1919: Wyoming | D1919: 1656 | E1919: 7231 | F1919: 35035

Sheet Date Prep
A1: Industry Filter | D1: AVG WAGE BY INDUSTRY | H1: EMPLOYEES BY INDUSTRY | K1: WAGE & EMPLOYEES TRENDS | O1: COMPARISON BY STATE
A2: Industry | B2: Selection | D2: Industry | E2: Avg Annual Wage | F2: Selection | H2: Industry | I2: Employees | K2: Year | L2: Avg Wage | M2: Employees | O2: State | P2: Employees | Q2: Population | R2: Employees Per 1000 Capita | S2: Avg Wage | T2: =$B$19 -> Avg Wage
A3: {=_xlfn._xlws.SORT(_xlfn.UNIQUE(Data!B2:B1919))} -> Business Services | B3: =Dashboard!B6 -> Information | D3: Information | E3: =AVERAGEIFS(Data!F:F,Data!B:B,D3,Data!A:A,$B$15) -> 93586.333 | F3: =IF(D3=$B$3,E3,"") -> 93586.333 | H3: Trade & Transportation | I3: =SUMIFS(Data!E:E,Data!B:B,H3,Data!A:A,'Date Prep'!$B$15) -> 26277342 | K3: 2017 | L3: =AVERAGEIFS(Data!F:F,Data!B:B,$B$3,Data!A:A,K3) -> 75580.708 | M3: =SUMIFS(Data!E:E,Data!B:B,$B$3,Data!A:A,'Date Prep'!K3) -> 2760656 | O3: {=_xlfn.UNIQUE(Data!C2:C1919)} -> Alabama | P3: =SUMIFS(Data!E:E,Data!B:B,$B$3,Data!A:A,'Date Prep'!$B$15,Data!C:C,'Date Prep'!O3) -> 19310 | Q3: 4887871 | R3: =(P3/Q3)*1000 -> 3.9505953 | S3: =AVERAGEIFS(Data!F:F,Data!B:B,$B$3,Data!A:A,'Date Prep'!$B$15,Data!C:C,'Date Prep'!O3) -> 69393 | T3: =IF($T$2=$S$2,-S3,R3) -> -69393
A4: Construction | D4: Finance | E4: =AVERAGEIFS(Data!F:F,Data!B:B,D4,Data!A:A,$B$15) -> 90040.667 | F4: =IF(D4=$B$3,E4,"") | H4: Education & Health | I4: =SUMIFS(Data!E:E,Data!B:B,H4,Data!A:A,'Date Prep'!$B$15) -> 22035033 | K4: 2018 | L4: =AVERAGEIFS(Data!F:F,Data!B:B,$B$3,Data!A:A,K4) -> 79569.104 | M4: =SUMIFS(Data!E:E,Data!B:B,$B$3,Data!A:A,'Date Prep'!K4) -> 2781425 | O4: Arizona | P4: =SUMIFS(Data!E:E,Data!B:B,$B$3,Data!A:A,'Date Prep'!$B$15,Data!C:C,'Date Prep'!O4) -> 45513 | Q4: 7171646 | R4: =(P4/Q4)*1000 -> 6.3462419 | S4: =AVERAGEIFS(Data!F:F,Data!B:B,$B$3,Data!A:A,'Date Prep'!$B$15,Data!C:C,'Date Prep'!O4) -> 90871 | T4: =IF($T$2=$S$2,-S4,R4) -> -90871
A5: Education & Health | D5: Business Services | E5: =AVERAGEIFS(Data!F:F,Data!B:B,D5,Data!A:A,$B$15) -> 74713.062 | F5: =IF(D5=$B$3,E5,"") | H5: Business Services | I5: =SUMIFS(Data!E:E,Data!B:B,H5,Data!A:A,'Date Prep'!$B$15) -> 20065896 | K5: 2019 | L5: =AVERAGEIFS(Data!F:F,Data!B:B,$B$3,Data!A:A,K5) -> 83493.333 | M5: =SUMIFS(Data!E:E,Data!B:B,$B$3,Data!A:A,'Date Prep'!K5) -> 2815141 | O5: Arkansas | P5: =SUMIFS(Data!E:E,Data!B:B,$B$3,Data!A:A,'Date Prep'!$B$15,Data!C:C,'Date Prep'!O5) -> 11509 | Q5: 3013825 | R5: =(P5/Q5)*1000 -> 3.8187353 | S5: =AVERAGEIFS(Data!F:F,Data!B:B,$B$3,Data!A:A,'Date Prep'!$B$15,Data!C:C,'Date Prep'!O5) -> 69820 | T5: =IF($T$2=$S$2,-S5,R5) -> -69820
A6: Finance | D6: Manufacturing | E6: =AVERAGEIFS(Data!F:F,Data!B:B,D6,Data!A:A,$B$15) -> 68427.875 | F6: =IF(D6=$B$3,E6,"") | H6: Leisure & Hospitality | I6: =SUMIFS(Data!E:E,Data!B:B,H6,Data!A:A,'Date Prep'!$B$15) -> 12649500 | K6: 2020 | L6: =AVERAGEIFS(Data!F:F,Data!B:B,$B$3,Data!A:A,K6) -> 93586.333 | M6: =SUMIFS(Data!E:E,Data!B:B,$B$3,Data!A:A,'Date Prep'!K6) -> 2677815 | O6: California | P6: =SUMIFS(Data!E:E,Data!B:B,$B$3,Data!A:A,'Date Prep'!$B$15,Data!C:C,'Date Prep'!O6) -> 527549 | Q6: 39557045 | R6: =(P6/Q6)*1000 -> 13.336411 | S6: =AVERAGEIFS(Data!F:F,Data!B:B,$B$3,Data!A:A,'Date Prep'!$B$15,Data!C:C,'Date Prep'!O6) -> 217892 | T6: =IF($T$2=$S$2,-S6,R6) -> -217892
A7: Information | D7: Construction | E7: =AVERAGEIFS(Data!F:F,Data!B:B,D7,Data!A:A,$B$15) -> 63896.896 | F7: =IF(D7=$B$3,E7,"") | H7: Manufacturing | I7: =SUMIFS(Data!E:E,Data!B:B,H7,Data!A:A,'Date Prep'!$B$15) -> 12058694 | O7: Colorado | P7: =SUMIFS(Data!E:E,Data!B:B,$B$3,Data!A:A,'Date Prep'!$B$15,Data!C:C,'Date Prep'!O7) -> 74867 | Q7: 5695564 | R7: =(P7/Q7)*1000 -> 13.144791 | S7: =AVERAGEIFS(Data!F:F,Data!B:B,$B$3,Data!A:A,'Date Prep'!$B$15,Data!C:C,'Date Prep'!O7) -> 123495 | T7: =IF($T$2=$S$2,-S7,R7) -> -123495
A8: Leisure & Hospitality | D8: Natural Resources | E8: =AVERAGEIFS(Data!F:F,Data!B:B,D8,Data!A:A,$B$15) -> 55605.938 | F8: =IF(D8=$B$3,E8,"") | H8: Finance | I8: =SUMIFS(Data!E:E,Data!B:B,H8,Data!A:A,'Date Prep'!$B$15) -> 8142043 | O8: Connecticut | P8: =SUMIFS(Data!E:E,Data!B:B,$B$3,Data!A:A,'Date Prep'!$B$15,Data!C:C,'Date Prep'!O8) -> 29237 | Q8: 3572665 | R8: =(P8/Q8)*1000 -> 8.1835269 | S8: =AVERAGEIFS(Data!F:F,Data!B:B,$B$3,Data!A:A,'Date Prep'!$B$15,Data!C:C,'Date Prep'!O8) -> 138917 | T8: =IF($T$2=$S$2,-S8,R8) -> -138917
A9: Manufacturing | D9: Education & Health | E9: =AVERAGEIFS(Data!F:F,Data!B:B,D9,Data!A:A,$B$15) -> 53607.208 | F9: =IF(D9=$B$3,E9,"") | H9: Construction | I9: =SUMIFS(Data!E:E,Data!B:B,H9,Data!A:A,'Date Prep'!$B$15) -> 7136444 | O9: Delaware | P9: =SUMIFS(Data!E:E,Data!B:B,$B$3,Data!A:A,'Date Prep'!$B$15,Data!C:C,'Date Prep'!O9) -> 3622 | Q9: 967171 | R9: =(P9/Q9)*1000 -> 3.7449427 | S9: =AVERAGEIFS(Data!F:F,Data!B:B,$B$3,Data!A:A,'Date Prep'!$B$15,Data!C:C,'Date Prep'!O9) -> 78966 | T9: =IF($T$2=$S$2,-S9,R9) -> -78966
A10: Natural Resources | D10: Trade & Transportation | E10: =AVERAGEIFS(Data!F:F,Data!B:B,D10,Data!A:A,$B$15) -> 49366.812 | F10: =IF(D10=$B$3,E10,"") | H10: Other Services | I10: =SUMIFS(Data!E:E,Data!B:B,H10,Data!A:A,'Date Prep'!$B$15) -> 3843699 | O10: Florida | P10: =SUMIFS(Data!E:E,Data!B:B,$B$3,Data!A:A,'Date Prep'!$B$15,Data!C:C,'Date Prep'!O10) -> 130298 | Q10: 21670000 | R10: =(P10/Q10)*1000 -> 6.0128288 | S10: =AVERAGEIFS(Data!F:F,Data!B:B,$B$3,Data!A:A,'Date Prep'!$B$15,Data!C:C,'Date Prep'!O10) -> 93350 | T10: =IF($T$2=$S$2,-S10,R10) -> -93350
A11: Other Services | D11: Other Services | E11: =AVERAGEIFS(Data!F:F,Data!B:B,D11,Data!A:A,$B$15) -> 40790.188 | F11: =IF(D11=$B$3,E11,"") | H11: Information | I11: =SUMIFS(Data!E:E,Data!B:B,H11,Data!A:A,'Date Prep'!$B$15) -> 2677815 | O11: Georgia | P11: =SUMIFS(Data!E:E,Data!B:B,$B$3,Data!A:A,'Date Prep'!$B$15,Data!C:C,'Date Prep'!O11) -> 109190 | Q11: 10519475 | R11: =(P11/Q11)*1000 -> 10.379796 | S11: =AVERAGEIFS(Data!F:F,Data!B:B,$B$3,Data!A:A,'Date Prep'!$B$15,Data!C:C,'Date Prep'!O11) -> 108735 | T11: =IF($T$2=$S$2,-S11,R11) -> -108735
A12: Trade & Transportation | D12: Leisure & Hospitality | E12: =AVERAGEIFS(Data!F:F,Data!B:B,D12,Data!A:A,$B$15) -> 23286.417 | F12: =IF(D12=$B$3,E12,"") | H12: Natural Resources | I12: =SUMIFS(Data!E:E,Data!B:B,H12,Data!A:A,'Date Prep'!$B$15) -> 1762873 | O12: Idaho | P12: =SUMIFS(Data!E:E,Data!B:B,$B$3,Data!A:A,'Date Prep'!$B$15,Data!C:C,'Date Prep'!O12) -> 7346 | Q12: 1754208 | R12: =(P12/Q12)*1000 -> 4.1876448 | S12: =AVERAGEIFS(Data!F:F,Data!B:B,$B$3,Data!A:A,'Date Prep'!$B$15,Data!C:C,'Date Prep'!O12) -> 64408 | T12: =IF($T$2=$S$2,-S12,R12) -> -64408
O13: Illinois | P13: =SUMIFS(Data!E:E,Data!B:B,$B$3,Data!A:A,'Date Prep'!$B$15,Data!C:C,'Date Prep'!O13) -> 87520 | Q13: 12741080 | R13: =(P13/Q13)*1000 -> 6.8691194 | S13: =AVERAGEIFS(Data!F:F,Data!B:B,$B$3,Data!A:A,'Date Prep'!$B$15,Data!C:C,'Date Prep'!O13) -> 110059 | T13: =IF($T$2=$S$2,-S13,R13) -> -110059
A14: Date Filter | D14: {=INDEX(D3:D12,Dashboard!$A$1)} -> Leisure & Hospitality | O14: Indiana | P14: =SUMIFS(Data!E:E,Data!B:B,$B$3,Data!A:A,'Date Prep'!$B$15,Data!C:C,'Date Prep'!O14) -> 26075 | Q14: 6691878 | R14: =(P14/Q14)*1000 -> 3.8965146 | S14: =AVERAGEIFS(Data!F:F,Data!B:B,$B$3,Data!A:A,'Date Prep'!$B$15,Data!C:C,'Date Prep'!O14) -> 67191 | T14: =IF($T$2=$S$2,-S14,R14) -> -67191
A15: Current Year: | B15: 2020 | H15: EMPLOYEES BY INDUSTRY (CLEAN) | O15: Iowa | P15: =SUMIFS(Data!E:E,Data!B:B,$B$3,Data!A:A,'Date Prep'!$B$15,Data!C:C,'Date Prep'!O15) -> 19135 | Q15: 3156145 | R15: =(P15/Q15)*1000 -> 6.0627759 | S15: =AVERAGEIFS(Data!F:F,Data!B:B,$B$3,Data!A:A,'Date Prep'!$B$15,Data!C:C,'Date Prep'!O15) -> 66858 | T15: =IF($T$2=$S$2,-S15,R15) -> -66858
H16: Industry | I16: Employees | O16: Kansas | P16: =SUMIFS(Data!E:E,Data!B:B,$B$3,Data!A:A,'Date Prep'!$B$15,Data!C:C,'Date Prep'!O16) -> 16734 | Q16: 2911505 | R16: =(P16/Q16)*1000 -> 5.7475429 | S16: =AVERAGEIFS(Data!F:F,Data!B:B,$B$3,Data!A:A,'Date Prep'!$B$15,Data!C:C,'Date Prep'!O16) -> 73749 | T16: =IF($T$2=$S$2,-S16,R16) -> -73749
H17: =B3 -> Information | I17: =_xlfn.XLOOKUP(B3,H3:H12,I3:I12) -> 2677815 | O17: Kentucky | P17: =SUMIFS(Data!E:E,Data!B:B,$B$3,Data!A:A,'Date Prep'!$B$15,Data!C:C,'Date Prep'!O17) -> 20268 | Q17: 4468402 | R17: =(P17/Q17)*1000 -> 4.5358497 | S17: =AVERAGEIFS(Data!F:F,Data!B:B,$B$3,Data!A:A,'Date Prep'!$B$15,Data!C:C,'Date Prep'!O17) -> 63462 | T17: =IF($T$2=$S$2,-S17,R17) -> -63462
A18: Map Filter | H18: Others | I18: =SUM(I3:I12)-I17 -> 113971524 | O18: Louisiana | P18: =SUMIFS(Data!E:E,Data!B:B,$B$3,Data!A:A,'Date Prep'!$B$15,Data!C:C,'Date Prep'!O18) -> 18712 | Q18: 4659978 | R18: =(P18/Q18)*1000 -> 4.0154696 | S18: =AVERAGEIFS(Data!F:F,Data!B:B,$B$3,Data!A:A,'Date Prep'!$B$15,Data!C:C,'Date Prep'!O18) -> 65700 | T18: =IF($T$2=$S$2,-S18,R18) -> -65700
A19: Metric | B19: =IF(Dashboard!A2=1,'Date Prep'!S2,'Date Prep'!R2) -> Avg Wage | O19: Maine | P19: =SUMIFS(Data!E:E,Data!B:B,$B$3,Data!A:A,'Date Prep'!$B$15,Data!C:C,'Date Prep'!O19) -> 6415 | Q19: 1338404 | R19: =(P19/Q19)*1000 -> 4.7930221 | S19: =AVERAGEIFS(Data!F:F,Data!B:B,$B$3,Data!A:A,'Date Prep'!$B$15,Data!C:C,'Date Prep'!O19) -> 64265 | T19: =IF($T$2=$S$2,-S19,R19) -> -64265
H20: Precentage: | I20: =I17/SUM(I17:I18) -> 0.02295611 | O20: Maryland | P20: =SUMIFS(Data!E:E,Data!B:B,$B$3,Data!A:A,'Date Prep'!$B$15,Data!C:C,'Date Prep'!O20) -> 33029 | Q20: 6042718 | R20: =(P20/Q20)*1000 -> 5.4659178 | S20: =AVERAGEIFS(Data!F:F,Data!B:B,$B$3,Data!A:A,'Date Prep'!$B$15,Data!C:C,'Date Prep'!O20) -> 110569 | T20: =IF($T$2=$S$2,-S20,R20) -> -110569
O21: Massachusetts | P21: =SUMIFS(Data!E:E,Data!B:B,$B$3,Data!A:A,'Date Prep'!$B$15,Data!C:C,'Date Prep'!O21) -> 89231 | Q21: 6902149 | R21: =(P21/Q21)*1000 -> 12.928003 | S21: =AVERAGEIFS(Data!F:F,Data!B:B,$B$3,Data!A:A,'Date Prep'!$B$15,Data!C:C,'Date Prep'!O21) -> 146746 | T21: =IF($T$2=$S$2,-S21,R21) -> -146746
O22: Michigan | P22: =SUMIFS(Data!E:E,Data!B:B,$B$3,Data!A:A,'Date Prep'!$B$15,Data!C:C,'Date Prep'!O22) -> 50511 | Q22: 9995915 | R22: =(P22/Q22)*1000 -> 5.0531642 | S22: =AVERAGEIFS(Data!F:F,Data!B:B,$B$3,Data!A:A,'Date Prep'!$B$15,Data!C:C,'Date Prep'!O22) -> 88745 | T22: =IF($T$2=$S$2,-S22,R22) -> -88745
O23: Minnesota | P23: =SUMIFS(Data!E:E,Data!B:B,$B$3,Data!A:A,'Date Prep'!$B$15,Data!C:C,'Date Prep'!O23) -> 43145 | Q23: 5611179 | R23: =(P23/Q23)*1000 -> 7.6891149 | S23: =AVERAGEIFS(Data!F:F,Data!B:B,$B$3,Data!A:A,'Date Prep'!$B$15,Data!C:C,'Date Prep'!O23) -> 92292 | T23: =IF($T$2=$S$2,-S23,R23) -> -92292
O24: Mississippi | P24: =SUMIFS(Data!E:E,Data!B:B,$B$3,Data!A:A,'Date Prep'!$B$15,Data!C:C,'Date Prep'!O24) -> 9629 | Q24: 2963914 | R24: =(P24/Q24)*1000 -> 3.2487447 | S24: =AVERAGEIFS(Data!F:F,Data!B:B,$B$3,Data!A:A,'Date Prep'!$B$15,Data!C:C,'Date Prep'!O24) -> 54301 | T24: =IF($T$2=$S$2,-S24,R24) -> -54301
O25: Missouri | P25: =SUMIFS(Data!E:E,Data!B:B,$B$3,Data!A:A,'Date Prep'!$B$15,Data!C:C,'Date Prep'!O25) -> 43675 | Q25: 6126452 | R25: =(P25/Q25)*1000 -> 7.1289223 | S25: =AVERAGEIFS(Data!F:F,Data!B:B,$B$3,Data!A:A,'Date Prep'!$B$15,Data!C:C,'Date Prep'!O25) -> 89327 | T25: =IF($T$2=$S$2,-S25,R25) -> -89327
O26: Montana | P26: =SUMIFS(Data!E:E,Data!B:B,$B$3,Data!A:A,'Date Prep'!$B$15,Data!C:C,'Date Prep'!O26) -> 5797 | Q26: 1062305 | R26: =(P26/Q26)*1000 -> 5.4570015 | S26: =AVERAGEIFS(Data!F:F,Data!B:B,$B$3,Data!A:A,'Date Prep'!$B$15,Data!C:C,'Date Prep'!O26) -> 65673 | T26: =IF($T$2=$S$2,-S26,R26) -> -65673
O27: Nebraska | P27: =SUMIFS(Data!E:E,Data!B:B,$B$3,Data!A:A,'Date Prep'!$B$15,Data!C:C,'Date Prep'!O27) -> 16165 | Q27: 1929268 | R27: =(P27/Q27)*1000 -> 8.3788255 | S27: =AVERAGEIFS(Data!F:F,Data!B:B,$B$3,Data!A:A,'Date Prep'!$B$15,Data!C:C,'Date Prep'!O27) -> 76361 | T27: =IF($T$2=$S$2,-S27,R27) -> -76361
O28: Nevada | P28: =SUMIFS(Data!E:E,Data!B:B,$B$3,Data!A:A,'Date Prep'!$B$15,Data!C:C,'Date Prep'!O28) -> 13306 | Q28: 3034392 | R28: =(P28/Q28)*1000 -> 4.385063 | S28: =AVERAGEIFS(Data!F:F,Data!B:B,$B$3,Data!A:A,'Date Prep'!$B$15,Data!C:C,'Date Prep'!O28) -> 88353 | T28: =IF($T$2=$S$2,-S28,R28) -> -88353
O29: New Hampshire | P29: =SUMIFS(Data!E:E,Data!B:B,$B$3,Data!A:A,'Date Prep'!$B$15,Data!C:C,'Date Prep'!O29) -> 11735 | Q29: 1356458 | R29: =(P29/Q29)*1000 -> 8.6512078 | S29: =AVERAGEIFS(Data!F:F,Data!B:B,$B$3,Data!A:A,'Date Prep'!$B$15,Data!C:C,'Date Prep'!O29) -> 107194 | T29: =IF($T$2=$S$2,-S29,R29) -> -107194
O30: New Jersey | P30: =SUMIFS(Data!E:E,Data!B:B,$B$3,Data!A:A,'Date Prep'!$B$15,Data!C:C,'Date Prep'!O30) -> 67885 | Q30: 8908520 | R30: =(P30/Q30)*1000 -> 7.6202332 | S30: =AVERAGEIFS(Data!F:F,Data!B:B,$B$3,Data!A:A,'Date Prep'!$B$15,Data!C:C,'Date Prep'!O30) -> 130541 | T30: =IF($T$2=$S$2,-S30,R30) -> -130541
O31: New Mexico | P31: =SUMIFS(Data!E:E,Data!B:B,$B$3,Data!A:A,'Date Prep'!$B$15,Data!C:C,'Date Prep'!O31) -> 9076 | Q31: 2095428 | R31: =(P31/Q31)*1000 -> 4.3313347 | S31: =AVERAGEIFS(Data!F:F,Data!B:B,$B$3,Data!A:A,'Date Prep'!$B$15,Data!C:C,'Date Prep'!O31) -> 62393 | T31: =IF($T$2=$S$2,-S31,R31) -> -62393
O32: New York | P32: =SUMIFS(Data!E:E,Data!B:B,$B$3,Data!A:A,'Date Prep'!$B$15,Data!C:C,'Date Prep'!O32) -> 267749 | Q32: 19542209 | R32: =(P32/Q32)*1000 -> 13.701061 | S32: =AVERAGEIFS(Data!F:F,Data!B:B,$B$3,Data!A:A,'Date Prep'!$B$15,Data!C:C,'Date Prep'!O32) -> 154357 | T32: =IF($T$2=$S$2,-S32,R32) -> -154357
... O50: Wyoming | P50: =SUMIFS(Data!E:E,Data!B:B,$B$3,Data!A:A,'Date Prep'!$B$15,Data!C:C,'Date Prep'!O50) -> 3000 | Q50: 577737 | R50: =(P50/Q50)*1000 -> 5.1926742 | S50: =AVERAGEIFS(Data!F:F,Data!B:B,$B$3,Data!A:A,'Date Prep'!$B$15,Data!C:C,'Date Prep'!O50) -> 54299 | T50: =IF($T$2=$S$2,-S50,R50) -> -54299

Sheet Dashboard
A1: 10
A2: 1
B6: {=INDEX('Date Prep'!D3:D12,11-Dashboard!A1)} -> Information
